<application>
  <component name="RemoteServerClientLibraries">
    <client-library id="heroku-173.3622">
      <file path="$USER_HOME$/.IntelliJIdea2019.2/system/remote-server-libraries/heroku-173.3622/commons-logging-1.2.jar" />
      <file path="$USER_HOME$/.IntelliJIdea2019.2/system/remote-server-libraries/heroku-173.3622/commons-codec-1.10.jar" />
      <file path="$USER_HOME$/.IntelliJIdea2019.2/system/remote-server-libraries/heroku-173.3622/httpclient-4.4.jar" />
      <file path="$USER_HOME$/.IntelliJIdea2019.2/system/remote-server-libraries/heroku-173.3622/javassist-3.20.0-GA.jar" />
      <file path="$USER_HOME$/.IntelliJIdea2019.2/system/remote-server-libraries/heroku-173.3622/javax.annotation-api-1.2.jar" />
      <file path="$USER_HOME$/.IntelliJIdea2019.2/system/remote-server-libraries/heroku-173.3622/javax.ws.rs-api-2.0.1.jar" />
      <file path="$USER_HOME$/.IntelliJIdea2019.2/system/remote-server-libraries/heroku-173.3622/aopalliance-repackaged-2.5.0-b05.jar" />
      <file path="$USER_HOME$/.IntelliJIdea2019.2/system/remote-server-libraries/heroku-173.3622/javax.inject-2.5.0-b05.jar" />
      <file path="$USER_HOME$/.IntelliJIdea2019.2/system/remote-server-libraries/heroku-173.3622/hk2-utils-2.5.0-b05.jar" />
      <file path="$USER_HOME$/.IntelliJIdea2019.2/system/remote-server-libraries/heroku-173.3622/osgi-resources-locator-1.0.1.jar" />
      <file path="$USER_HOME$/.IntelliJIdea2019.2/system/remote-server-libraries/heroku-173.3622/heroku-api-0.30.jar" />
      <file path="$USER_HOME$/.IntelliJIdea2019.2/system/remote-server-libraries/heroku-173.3622/jersey-common-2.24.jar" />
      <file path="$USER_HOME$/.IntelliJIdea2019.2/system/remote-server-libraries/heroku-173.3622/hk2-api-2.5.0-b05.jar" />
      <file path="$USER_HOME$/.IntelliJIdea2019.2/system/remote-server-libraries/heroku-173.3622/hk2-locator-2.5.0-b05.jar" />
      <file path="$USER_HOME$/.IntelliJIdea2019.2/system/remote-server-libraries/heroku-173.3622/jersey-apache-connector-2.24.jar" />
      <file path="$USER_HOME$/.IntelliJIdea2019.2/system/remote-server-libraries/heroku-173.3622/jackson-mapper-asl-1.9.10.jar" />
      <file path="$USER_HOME$/.IntelliJIdea2019.2/system/remote-server-libraries/heroku-173.3622/jersey-client-2.24.jar" />
      <file path="$USER_HOME$/.IntelliJIdea2019.2/system/remote-server-libraries/heroku-173.3622/jersey-guava-2.24.jar" />
      <file path="$USER_HOME$/.IntelliJIdea2019.2/system/remote-server-libraries/heroku-173.3622/jersey-multipart-1.19.4.jar" />
      <file path="$USER_HOME$/.IntelliJIdea2019.2/system/remote-server-libraries/heroku-173.3622/jersey-json-1.19.4.jar" />
      <file path="$USER_HOME$/.IntelliJIdea2019.2/system/remote-server-libraries/heroku-173.3622/heroku-json-jersey-client-0.24.jar" />
      <file path="$USER_HOME$/.IntelliJIdea2019.2/system/remote-server-libraries/heroku-173.3622/jackson-jaxrs-json-provider-2.5.4.jar" />
      <file path="$USER_HOME$/.IntelliJIdea2019.2/system/remote-server-libraries/heroku-173.3622/jersey-entity-filtering-2.24.jar" />
      <file path="$USER_HOME$/.IntelliJIdea2019.2/system/remote-server-libraries/heroku-173.3622/httpcore-4.4.jar" />
      <file path="$USER_HOME$/.IntelliJIdea2019.2/system/remote-server-libraries/heroku-173.3622/jackson-databind-2.5.4.jar" />
      <file path="$USER_HOME$/.IntelliJIdea2019.2/system/remote-server-libraries/heroku-173.3622/jackson-core-2.5.4.jar" />
      <file path="$USER_HOME$/.IntelliJIdea2019.2/system/remote-server-libraries/heroku-173.3622/jersey-media-json-jackson-2.24.jar" />
      <file path="$USER_HOME$/.IntelliJIdea2019.2/system/remote-server-libraries/heroku-173.3622/jackson-core-asl-1.9.10.jar" />
      <file path="$USER_HOME$/.IntelliJIdea2019.2/system/remote-server-libraries/heroku-173.3622/heroku-deploy-2.0.0-RC1.jar" />
      <file path="$USER_HOME$/.IntelliJIdea2019.2/system/remote-server-libraries/heroku-173.3622/slf4j-api-1.7.22.jar" />
      <file path="$USER_HOME$/.IntelliJIdea2019.2/system/remote-server-libraries/heroku-173.3622/commons-compress-1.15.jar" />
      <file path="$USER_HOME$/.IntelliJIdea2019.2/system/remote-server-libraries/heroku-173.3622/jackson-jaxrs-base-2.5.4.jar" />
      <file path="$USER_HOME$/.IntelliJIdea2019.2/system/remote-server-libraries/heroku-173.3622/jackson-module-jaxb-annotations-2.5.4.jar" />
      <file path="$USER_HOME$/.IntelliJIdea2019.2/system/remote-server-libraries/heroku-173.3622/commons-lang3-3.6.jar" />
      <file path="$USER_HOME$/.IntelliJIdea2019.2/system/remote-server-libraries/heroku-173.3622/jackson-annotations-2.5.4.jar" />
      <file path="$USER_HOME$/.IntelliJIdea2019.2/system/remote-server-libraries/heroku-173.3622/commons-io-2.6.jar" />
      <file path="$USER_HOME$/.IntelliJIdea2019.2/system/remote-server-libraries/heroku-173.3622/org.eclipse.jgit-4.9.0.201710071750-r.jar" />
    </client-library>
  </component>
</application>